{
  "Berlin": [
    52.520008,
    13.404954
  ],
  "Hamburg": [
    53.551086,
    9.993682
  ],
  "Munich (München)": [
    48.137154,
    11.576124
  ],
  "Cologne (Köln)": [
    50.935173,
    6.953101
  ],
  "Frankfurt am Main": [
    50.110924,
    8.682127
  ],
  "Stuttgart": [
    48.783333,
    9.183333
  ],
  "Düsseldorf": [
    51.233334,
    6.783333
  ],
  "Dortmund": [
    51.514244,
    7.468429
  ],
  "Essen": [
    51.450832,
    7.013056
  ],
  "Leipzig": [
    51.343479,
    12.387772
  ]
}
